id,name,category,unit,current_qty,created_at,updated_at,order_unit,order_unit_price,qty_per_unit,inner_unit,item_size_value,item_size_unit,item_size,reorder_level,reorder_qty,vendor_id,venue_id,storage_area_id
1," CO-2 TANKS 50lb",Bar,each,7.0,"2026-03-04 17:45:26","2026-03-04 21:46:06",,100.0,1.0,,,,,6.0,,19,1,6
2,"1/2 Sheet Celebration Cake",Bakery,sheet,0.0,"2026-03-04 17:45:26","2026-03-05 01:22:58",each,45.0,1.0,,,,,0.0,,4,2,9
3,"1/2 Sheet Coconut Cake - 48 Pcs",Bakery,sheet,2.0,"2026-03-04 17:45:26","2026-03-05 01:41:24",sheet,55.0,48.0,each,,each,,4.0,,4,2,1
4,"1/2 Sheet Dobash Chocolate Cake - 48 Pcs",Bakery,case,4.0,"2026-03-04 17:45:26","2026-03-05 01:41:29",sheet,55.0,48.0,each,,each,,4.0,,4,2,1
5,"1/2 Sheet Guava Chiffon Cake - 48 Pcs",Bakery,case,5.0,"2026-03-04 17:45:26","2026-03-06 01:31:42",sheet,55.0,48.0,each,,each,,6.0,,4,2,1
6,"10 inch Celebration Cake",Bakery,each,2.0,"2026-03-04 17:45:26","2026-03-05 01:23:06",each,33.0,1.0,each,,,,1.0,,4,2,9
7,"24 inch Flex Pastry Bag (60 count)",Supplies,each,10.0,"2026-03-04 17:45:26","2026-03-04 20:35:48",box,3.39,60.0,each,,,,2.0,,,2,5
8,"5 Star Desert Chocolate",Decorations,case,3.0,"2026-03-04 17:45:26","2026-03-05 22:43:51",,36.75,290.0,,,,,2.0,,,2,1
9,"6 inch Celebration Cake",Bakery,each,4.0,"2026-03-04 17:45:26","2026-03-05 22:43:55",each,20.9,1.0,each,,,,0.0,,4,2,9
10,"Admiral Nelson Rum Coconut 42 Proof 1L",Spirits,case,6.0,"2026-03-04 17:45:26","2026-03-05 22:44:03",,8.04,1.0,,,,,2.0,,,1,6
11,"Aloha Maid All-Natural Iced Tea 24x11.5 oz Case",Beverages,case,4.0,"2026-03-04 17:45:26","2026-03-05 22:44:05",,0.7,11.5,,,,,2.0,,3,1,6
12,"Aloha Shoyu Kosher Blue Label Shoyu 4 x 1 Gallon Package",Food,each,9.0,"2026-03-04 17:45:26","2026-03-05 22:44:10",,41.43,4.0,,,,,4.0,,,2,4
13,"AMERICOLOR (SPO) Gel Soft Paste 4x1 Gallon Case",Food,case,2.0,"2026-03-04 17:45:26","2026-03-05 22:44:16",,85.24,1.0,,,,,1.0,,,2,4
14,"ANGOSTRURA 16oz",Mixer,each,0.5,"2026-03-04 17:45:26","2026-03-05 22:44:30",,26.33,16.0,,,,,1.0,,,1,6
15,"Apple Filling",Food,case,0.0,"2026-03-04 17:45:26","2026-03-05 22:44:46",,66.12,6.0,,,,,0.0,,,2,4
16,"Arctic Snow",Food,bag,4.0,"2026-03-04 17:45:26","2026-03-05 22:44:52",bag,51.89,1.0,each,5.0,lb,"5 lb",1.0,,2,2,3
17,"Australian Aromatic Bitters 12x8oz Case",Mixers,case,4.0,"2026-03-04 17:45:26","2026-03-05 22:44:58",,16.0,8.0,,,,,1.0,,,1,6
18,"Baileys Irish Cream Liqueur 34 Proof 1L",Spirits,bottle,4.0,"2026-03-04 17:45:26","2026-03-05 22:45:01",,38.39,1.0,,,,,1.0,,,1,6
19,"Balsamic Glaze",Food,case,2.0,"2026-03-04 17:45:26","2026-03-05 02:55:47",case,49.98,6.0,each,12.0,oz,"12 oz",3.0,,,2,4
20,"Banana #3 1/2-Ripe 40lb Case",Produce,case,2.0,"2026-03-04 17:45:26","2026-03-10 20:06:00",,39.27,40.0,,,,,10.0,,6,2,3
23,"Beans - Casa Solana Whole Black Beans 6/#10 Can",Food,case,6.0,"2026-03-04 17:45:26","2026-03-05 22:38:37",case,79.62,6.0,each,10.0,lb,"10 lb",10.0,,1,2,4
24,"Beans - Sysco Classic Dark Red Kidney Beans 6/#10 Can",Food,case,2.0,"2026-03-04 17:45:26","2026-03-05 02:02:47",case,73.2,6.0,each,10.0,lb,"10 lb",10.0,,1,2,4
25,"Beans - Sysco Classic Garbanzo Beans FCY No Sulfite 6/#10 Can",Food,case,4.0,"2026-03-04 17:45:26","2026-03-05 02:03:21",case,65.22,6.0,each,10.0,lb,"10 lb",10.0,,1,2,4
26,"Beef Base",Food,case,4.0,"2026-03-04 17:45:26","2026-03-05 01:41:47",,23.29,1.0,,,,,2.0,,,2,1
27,"Beef Tenderloin Steaks Premium 5 oz",Meat,case,25.0,"2026-03-04 17:45:26","2026-03-05 03:13:56",case,475.15,17.0,each,5.0,oz,"5 oz",10.0,,14,2,1
28,"Endive - Belgian",Produce,case,23.0,"2026-03-04 17:45:26","2026-03-10 20:04:08",,45.55,10.0,,,,,10.0,,6,2,2
30,"Berries - Blueberrys",Produce,case,7.0,"2026-03-04 17:45:26","2026-03-04 20:36:58",,2.45,1.0,,,,,5.0,,,2,2
31,"Mayonnaise 30lb Pail",Food,each,5.0,"2026-03-04 17:45:26","2026-03-04 22:22:03",,110.9,30.0,,,,,10.0,,,2,1
32,"BESTFOODS Mayonnaise 4 Gallon Pail",Food,each,5.0,"2026-03-04 17:45:26","2026-03-05 01:42:54",,109.39,4.0,,,,,10.0,,,2,1
33,"Beyond Burger Raw Meat Alternative 40x4oz Case",Food,case,3.0,"2026-03-04 17:45:26","2026-03-05 22:38:58",case,101.6,40.0,each,4.0,oz,"4 oz",10.0,,2,2,9
34,"Berries - Blackberries 12 Basket Case",Produce,case,12.0,"2026-03-04 17:45:26","2026-03-10 20:04:08",,40.36,12.0,,,,,10.0,,6,2,2
35,"Bonewerks Culin Classic Veal Demi Glace 16lb",Food,each,3.0,"2026-03-04 17:45:26","2026-03-05 01:26:05",,156.89,16.0,,,,,10.0,,2,2,9
36,"Bread - Pita Perfect",Food,case,2.0,"2026-03-04 17:45:26","2026-03-04 21:46:56",,60.0,1.0,,,,,2.0,,2,2,1
37,"Bread Sticks",Bakery,each,0.0,"2026-03-04 17:45:26","2026-03-06 01:38:37",bag,3.45,12.0,each,,each,,8.0,,4,2,11
38,"Cheese - BRIE 60% Small Wheel 2.2#",Dairy,each,14.0,"2026-03-04 17:45:26","2026-03-04 23:01:36",,33.0,2.2,,,,,10.0,,,2,2
39,"Brioche Bag Dozen",Bakery,bag,0.0,"2026-03-04 17:45:26","2026-03-05 23:23:33",bag,8.0,12.0,each,1.0,each,"1 each",6.0,,4,2,11
40,"Brownie Mix",Food,case,8.0,"2026-03-04 17:45:26","2026-03-05 02:57:14",case,137.28,6.0,each,1.0,lb,"1 lb",10.0,,2,2,4
41,"Budweiser 1/2 Barrel Keg",Beer,each,8.0,"2026-03-04 17:45:26","2026-03-05 22:39:09",,155.0,15.5,,,,,10.0,,20,1,6
42,"Budweiser 12oz Cans",Beer,case,796.0,"2026-03-04 17:45:26","2026-03-05 22:39:12",,28.75,30.0,,,,,600.0,,20,1,6
43,"Burnetts Vodka 80 Proof 1L",Spirits,case,0.0,"2026-03-04 17:45:26","2026-03-04 20:37:31",,8.99,1.0,,,,,4.0,,,1,6
44,"Butter - Margarine",Food,case,1.0,"2026-03-04 17:45:26","2026-03-05 02:58:07",case,287.28,24.0,each,12.0,oz,"12 oz",3.0,,,2,1
45,"Butter- Plugra Clarified Butter",Food,each,2.0,"2026-03-04 17:45:26","2026-03-04 20:37:36",,55.0,32.0,,,,,2.0,,,2,1
47,"Sugar - C&H Light Golden Brown Sugar 24x1lb Bag Case",Food,case,1.0,"2026-03-04 17:45:26","2026-03-05 03:10:21",case,49.68,24.0,each,16.0,oz,"16 oz",10.0,,,2,4
48,"Cabbage Head Imperial Case",Produce,case,2.0,"2026-03-04 17:45:26","2026-03-04 23:17:44",,46.29,1.0,,,,,10.0,,,2,2
50,"Campari Tomatoes Case",Produce,case,19.0,"2026-03-04 17:45:26","2026-03-10 20:04:08",,42.55,1.0,,,,,10.0,,6,2,2
51,"Cantaloupe Melon Case",Produce,case,3.0,"2026-03-04 17:45:26","2026-03-04 23:29:38",,56.25,9.0,,,,,10.0,,,2,2
53,Capers,Food,bottle,1.0,"2026-03-04 17:45:26","2026-03-04 20:38:06",,8.11,16.0,,,,,10.0,,,2,4
55,"Castillo Rum Silver 80 Proof 1L",Spirits,case,0.0,"2026-03-04 17:45:26","2026-03-04 20:38:12",,7.69,1.0,,,,,10.0,,,1,6
56,"Celery 50lb Case",Produce,case,1.0,"2026-03-04 17:45:26","2026-03-04 23:19:04",,55.95,50.0,,,,,0.0,,,2,2
57,"Cello Spinach 2.5lb Package",Produce,each,1.0,"2026-03-04 17:45:26","2026-03-05 00:32:16",,12.37,2.5,,,,,10.0,,,2,2
58,"Ceramic Chinese Soup Spoon",Supplies,each,60.0,"2026-03-04 17:45:26","2026-03-05 03:29:48",,1.47,1.0,,,,,10.0,,,7,12
60,"Chateau De Fleur Sparkling Non-Alcoholic 750ml",Non-Alcoholic,bottle,0.0,"2026-03-04 17:45:26","2026-03-04 20:38:34",,6.33,750.0,,,,,20.0,,,1,6
62,"Cheese - Cashew Vegan",Food,each,4.0,"2026-03-04 17:45:26","2026-03-04 23:05:25",,9.69,1.0,,,,,2.0,,,2,2
63,"Cheese - Cheddar Vegan",Food,each,3.0,"2026-03-04 17:45:26","2026-03-04 23:05:44",,4.13,1.0,,,,,2.0,,,2,2
64,"Cheese - Havarti Vegan",Food,each,5.0,"2026-03-04 17:45:26","2026-03-04 23:05:50",,5.69,1.0,,,,,2.0,,,2,2
65,"Cheese - Pepperjack",Food,each,5.0,"2026-03-04 17:45:26","2026-03-04 22:59:13",case,108.65,5.0,lb,5.0,,,8.0,,,2,2
66,"Cheese - Swiss",Food,each,10.0,"2026-03-04 17:45:26","2026-03-04 23:00:57",lb,49.92,8.0,lb,,,,6.0,,,2,2
67,"Cheese - Cheddar Mild",Dairy,each,22.0,"2026-03-04 17:45:26","2026-03-04 22:57:49",,20.39,5.0,,,,,0.0,,,2,2
68,"Chicken Thighs Boneless Skinless Chilled 4x10lb Case",Meat,case,50.0,"2026-03-04 17:45:26","2026-03-05 03:24:50",case,86.0,40.0,lb,1.0,lb,"1 lb",10.0,,15,2,1
69,"Chinese Parsley US Bunch",Produce,bag,6.0,"2026-03-04 17:45:26","2026-03-05 00:26:22",,1.93,16.0,,,,,10.0,,,2,2
70,"Chips - Hawaiian Variety Pack",Food,case,1.0,"2026-03-04 17:45:26","2026-03-04 20:39:08",,18.19,32.0,,,,,10.0,,,2,13
71,"Chips - Maui Onion",Food,bag,0.0,"2026-03-04 17:45:26","2026-03-05 02:03:54",,6.99,32.0,,,,,10.0,,,2,4
72,"Chips - Taro & Sweet Potato",Food,bag,6.0,"2026-03-04 17:45:26","2026-03-05 02:04:01",,18.99,32.0,,,,,10.0,,,2,4
74,"Chivas Regal Scotch 12 Year 80 Proof 1L",Spirits,bottle,1.0,"2026-03-04 17:45:26","2026-03-04 20:39:17",,44.25,1.0,,,,,10.0,,,1,6
75,"Chocolate - Congratulations",Decorations,case,2.0,"2026-03-04 17:45:26","2026-03-05 01:43:09",,120.0,200.0,,,,,2.0,,,2,1
76,"Clementine Tangerine 10lb 3 Count Case",Produce,case,2.0,"2026-03-04 17:45:26","2026-03-10 20:04:08",,63.31,10.0,,,,,10.0,,6,2,2
77,"Coca-Cola Classic 24x12 oz Can Case",Beverages,case,1.0,"2026-03-04 17:45:26","2026-03-05 02:32:12",,19.19,24.0,,,,,10.0,,,2,13
78,"Coconut Cream - Kara",Food,case,6.0,"2026-03-04 17:45:26","2026-03-05 02:58:41",case,60.0,6.0,each,,,,4.0,,,2,3
79,"Coconut Milk - Aloha",Food,case,13.0,"2026-03-04 17:45:26","2026-03-10 20:02:35",,27.36,11.0,,,,,8.0,,2,2,3
80,"Coconut Milk Chaokoh",Food,case,3.0,"2026-03-04 17:45:26","2026-03-05 02:04:48",case,56.94,6.0,each,,,,10.0,,,2,4
81,"Coffee - Folgers Classic Roast Coffee",Food,can,6.0,"2026-03-04 17:45:26","2026-03-04 20:39:41",,20.79,2.72,,,,,10.0,,,2,4
82,"Coffee - Hawaiian Paradise",Food,each,0.0,"2026-03-04 17:45:26","2026-03-05 01:43:16",,24.67,1.0,,,,,10.0,,,2,1
83,"Coffee - Hawaiian Paradise Decar",Food,each,17.0,"2026-03-04 17:45:26","2026-03-05 01:43:21",,181.7,1.0,,,,,10.0,,,2,1
84,"Coffee Creamer Packets",Food,case,2.0,"2026-03-04 17:45:26","2026-03-05 02:05:30",,48.42,300.0,,,,,10.0,,,2,4
85,"CoffeeMate French Vanilla",Food,case,3.0,"2026-03-04 17:45:26","2026-03-05 02:05:36",,13.79,300.0,,,,,10.0,,,2,4
87,"Coffeemate Liquid Original Shelf Stable Creamer 360x0.38oz Case",Food,case,3.0,"2026-03-04 17:45:26","2026-03-10 20:02:35",,28.9,0.38,,,,,10.0,,2,2,4
88,"Coffeemate Non-Dairy Creamer 1000x3g Packets Case",Food,case,1.0,"2026-03-04 17:45:26","2026-03-04 20:40:15",,48.42,3.0,,,,,10.0,,,2,4
89,"Cold Clear Plastic Cups 16oz 98mm (1000 count) Case",Supplies,case,2.0,"2026-03-04 17:45:26","2026-03-04 20:40:28",,130.0,16.0,,,,,10.0,,,1,14
90,"Congrats 1x4 216ct",Decorations,each,2.0,"2026-03-04 17:45:26","2026-03-04 20:40:32",,124.38,216.0,,,,,10.0,,,2,1
91,Coppa,Food,each,20.0,"2026-03-04 17:45:26","2026-03-04 22:54:53",,15.0,1.0,,,,,10.0,,,2,2
92,"Corn Starch - ARGO Corn Starch",Food,case,1.5,"2026-03-04 17:45:26","2026-03-05 02:59:27",case,49.68,24.0,each,16.0,oz,"16 oz",10.0,,,2,4
93,"Corn Syrup - Karo, corn syrup, light, 1gal",Oil,case,6.0,"2026-03-04 17:45:26","2026-03-05 02:07:25",case,20.26,4.0,each,1.0,gal,"1 gal",10.0,,,2,4
94,Cornichons,Food,case,5.0,"2026-03-04 17:45:26","2026-03-04 22:51:12",,163.68,6.0,,,,,1.0,,,2,3
95,"Cracker - Simple Mills Almond Flour Cracker 20 oz",Food,each,4.0,"2026-03-04 17:45:26","2026-03-05 03:00:13",case,45.56,4.0,each,20.0,oz,"20 oz",10.0,,,2,4
96,"Crackers - Entertainment Crackers",Food,case,9.0,"2026-03-04 17:45:26","2026-03-05 02:07:46",,61.24,4.0,,,,,10.0,,,2,4
97,"Crackers - Multi Seed",Food,each,14.0,"2026-03-04 17:45:26","2026-03-04 20:40:54",,12.59,1.0,,,,,10.0,,,2,4
98,"Cream of Mushroom",Food,case,5.0,"2026-03-04 17:45:26","2026-03-04 20:40:58",,5.33,50.0,,,,,3.0,,,2,4
99,"Crookneck Squash Case",Produce,case,7.0,"2026-03-04 17:45:26","2026-03-05 00:32:59",,27.86,10.0,,,,,10.0,,,2,2
100,"Crown Royal Canadian Whisky 80 Proof 1L",Spirits,bottle,16.0,"2026-03-04 17:45:26","2026-03-04 20:41:03",,35.5,1.0,,,,,6.0,,,1,6
101,"Curry Paste",Food,case,1.0,"2026-03-04 17:45:26","2026-03-05 03:00:52",case,179.4,12.0,each,16.0,oz,"16 oz",10.0,,,2,4
102,"Cutwater Cocktail Vodka Lemon 11 Proof 355ml Can","Ready to Drink",can,1.0,"2026-03-04 17:45:26","2026-03-04 20:41:13",,12.86,355.0,,,,,10.0,,,1,6
103,"Cutwater Cocktail Vodka Strawberry 11 Proof 355ml Can","Ready to Drink",can,1.0,"2026-03-04 17:45:26","2026-03-04 20:41:15",,12.86,355.0,,,,,10.0,,,1,6
105,"Sour Cream - Daisy Brand 3 Pounds",Dairy,each,2.0,"2026-03-04 17:45:26","2026-03-04 22:35:11",,6.79,3.0,,,,,10.0,,,2,1
106,"Delivery Charge",Supplies,each,1.0,"2026-03-04 17:45:26","2026-03-04 17:45:26",,4.5,1.0,,,,,10.0,,,,
108,"Demi Glace - Glace de Veau Classic (Veal)",Food,box,8.0,"2026-03-04 17:45:26","2026-03-05 01:25:53",,60.0,1.0,,,,,2.0,,,2,9
109,"Demi Glace - Haco",Food,case,8.0,"2026-03-04 17:45:26","2026-03-05 03:01:21",case,90.24,6.0,each,,,,10.0,,,2,4
110,"Chocolate - Diablo/ Marble Jura 290pc",Decorations,box,3.0,"2026-03-04 17:45:26","2026-03-05 01:43:13",,39.85,290.0,,,,,10.0,,,2,1
111,"Diet Coke 24x12 oz Can Case",Beverages,case,1.0,"2026-03-04 17:45:26","2026-03-05 02:32:56",case,19.2,24.0,each,12.0,oz,"12 oz",1.0,,,2,13
112,"Dill 1lb",Produce,each,1.0,"2026-03-04 17:45:26","2026-03-04 20:41:40",,8.59,1.0,,,,,10.0,,,2,3
113,"Dobash Half Sheet Cake",Bakery,each,0.0,"2026-03-04 17:45:26","2026-03-05 02:00:35",,60.0,0.5,,,,,10.0,,,2,1
114,"Dole Gold Pineapple H-1",Produce,case,0.0,"2026-03-04 17:45:26","2026-03-10 20:04:08",,6.1,6.0,,,,,10.0,,6,2,3
115,"Dole Gold Pineapple H-1 5 Count",Produce,case,0.0,"2026-03-04 17:45:26","2026-03-05 00:28:10",,29.63,5.0,,,,,10.0,,,2,3
116,"Dole Gold Pineapple H-1 Ripe & Ready To Eat! 7 count",Produce,case,51.0,"2026-03-04 17:45:26","2026-03-05 00:27:56",,32.53,7.0,,,,,10.0,,,2,3
119,"DOLE PINEAPPLE JUICE 46 OZ CAN",Mixers,each,16.0,"2026-03-04 17:45:26","2026-03-10 20:02:35",case,45.66,6.0,each,46.0,oz,"46 oz",10.0,,2,2,4
120,"Apricots - Dried Apricots 5lb Box",Food,box,1.0,"2026-03-04 17:45:26","2026-03-05 22:44:49",,76.36,5.0,,,,,0.0,,,2,3
121,"DRINK MACHINE ADVANCE BLACK 32 OZ",Equipment,each,2.0,"2026-03-04 17:45:26","2026-03-04 20:42:01",,0.0,32.0,,,,,10.0,,,1,14
122,"Dubouchett Triple Sec 30 Proof 1L",Spirits,case,4.0,"2026-03-04 17:45:26","2026-03-04 20:42:04",,7.33,1.0,,,,,2.0,,,1,6
123,"Edible Pansy Flowers 50 Count Tray",Produce,each,40.0,"2026-03-04 17:45:26","2026-03-04 20:42:06",,17.99,50.0,,,,,10.0,,,2,2
124,"Edible Pansy Flowers Tray",Produce,case,20.0,"2026-03-04 17:45:26","2026-03-04 20:42:08",,19.72,50.0,,,,,10.0,,,2,2
125,"Edible Viola Flower 50ct",Produce,case,13.0,"2026-03-04 17:45:26","2026-03-04 23:21:25",,17.99,50.0,,,,,10.0,,,2,2
126,"Eggs - Hard Boiled",Food,case,3.0,"2026-03-04 17:45:26","2026-03-04 22:54:10",,40.05,12.0,,,,,2.0,,,2,2
127,"Energy Surcharge",Other,each,1.0,"2026-03-04 17:45:26","2026-03-10 20:04:08",,7.5,1.0,,,,,10.0,,12,,
128,"Cucumbers - English Cucumbers 12 Count Case",Produce,case,7.0,"2026-03-04 17:45:26","2026-03-04 23:20:44",,24.75,12.0,,,,,10.0,,,2,2
129,"Erath Pinot Noir Resplendent 750ml",Wine,bottle,4.0,"2026-03-04 17:45:26","2026-03-04 20:42:21",,78.0,750.0,,,,,10.0,,,1,6
130,"Evaporated Milk - Carnation",Food,case,2.0,"2026-03-04 17:45:26","2026-03-04 20:42:44",,2.14,12.0,,,,,10.0,,,2,4
131,"Excalibur Water Goblet 14oz (Case of 2)",Supplies,case,4.0,"2026-03-04 17:45:26","2026-03-04 20:42:47",,86.61,24.0,,,,,10.0,,,1,15
132,"Lemon - Fancy Lemon 140 count Case",Produce,case,3.0,"2026-03-04 17:45:26","2026-03-04 23:25:24",,42.99,140.0,,,,,10.0,,,2,2
133,"FFF Cold Clear Plastic Cups White Stripe 24oz (1000 count) Case",Supplies,case,2.0,"2026-03-04 17:45:26","2026-03-04 20:43:10",,196.0,24.0,,,,,10.0,,,,14
134,"Fish Auction - AU B Fish",Seafood,each,100.0,"2026-03-04 17:45:26","2026-03-05 01:27:13",,6.0,1.0,,,,,10.0,,,2,9
148,"FIT Fruit & Vegetable Wash",Supplies,each,1.0,"2026-03-04 17:45:26","2026-03-04 20:43:49",,171.5,1.0,,,,,10.0,,,2,5
149,"Flour - All Purpose Flour 25 lb",Food,bag,8.0,"2026-03-04 17:45:26","2026-03-04 22:29:24",,10.39,25.0,,,,,10.0,,,2,4
152,"Apple - Fuji Apple FCY 100 count",Produce,case,1.0,"2026-03-04 17:45:26","2026-03-10 20:04:08",,42.71,100.0,,,,,1.0,,6,2,2
153,"Full Sheet Celebration Cake",Bakery,each,0.0,"2026-03-04 17:45:26","2026-03-04 20:44:07",,75.0,1.0,,,,,0.0,,,2,9
154,"Furikake Lavosh Sticks",Bakery,bag,0.0,"2026-03-04 17:45:26","2026-03-05 23:27:11",bag,6.3,24.0,each,,each,,10.0,,,2,11
155,"Garlic - Fried Garlic",Food,case,1.0,"2026-03-04 17:45:26","2026-03-04 20:44:11",,8.81,16.0,,,,,10.0,,,2,4
156,"Garlic - Granulated Garlic",Food,each,1.0,"2026-03-04 17:45:26","2026-03-05 02:10:19",,12.95,6.5,,,,,10.0,,,2,4
157,"Garlic - MCCORMICK Garlic Granulated 26oz",Food,each,7.0,"2026-03-04 17:45:26","2026-03-05 02:10:22",,27.33,26.0,,,,,10.0,,,2,4
158,"Gas Connector Hose Kit 3/4 inch x 48 inch with Valve",Equipment,each,2.0,"2026-03-04 17:45:26","2026-03-05 03:26:49",,195.0,1.0,,,,,10.0,,,7,14
159,"Gelato - Tahitian Vanilla Gelato 5.5L Pan",Food,each,14.0,"2026-03-04 17:45:26","2026-03-10 20:04:08",,65.04,5.5,,,,,8.0,,12,2,9
160,"Ginger - Greenland Premium Pink Pickled Sliced Ginger 10x2lb Case",Food,case,3.0,"2026-03-04 17:45:26","2026-03-05 03:02:04",case,52.2,10.0,each,2.0,lb,"2 lb",10.0,,,2,1
161,"Ginger H-1 2lb Bag",Produce,bag,13.0,"2026-03-04 17:45:26","2026-03-04 23:23:28",,5.25,2.0,,,,,10.0,,,2,3
163,"Girard's Classic Caesar Dressing with Parmesan 2x1 Gallon Case",Food,case,2.0,"2026-03-04 17:45:26","2026-03-05 01:44:34",,33.21,1.0,,,,,10.0,,,2,1
164,"Gloves, Vinyl SM P 1",Supplies,box,1.0,"2026-03-04 17:45:26","2026-03-04 20:44:32",,5.35,2000.0,,,,,0.0,,,2,14
165,"Beets - Gold 25lb Case",Produce,case,1.0,"2026-03-04 17:45:26","2026-03-04 23:13:56",,40.35,25.0,,,,,10.0,,,2,2
166,"Gorgonzola Wheel 8#",Dairy,each,5.0,"2026-03-04 17:45:26","2026-03-04 22:58:06",,101.42,8.0,,,,,10.0,,,2,2
167,"Gouda - Smoked",Dairy,each,23.0,"2026-03-04 17:45:26","2026-03-04 22:57:00",,4.85,1.0,,,,,10.0,,,2,2
168,"Grapes - Green Grapes Case",Produce,case,1.0,"2026-03-04 17:45:26","2026-03-04 23:23:59",,68.3,1.0,,,,,10.0,,,2,2
169,"Green Local Onions",Produce,each,0.0,"2026-03-04 17:45:26","2026-03-05 00:23:05",,10.5,1.0,,,,,10.0,,,2,3
170,"Green Onion H-1",Produce,each,0.0,"2026-03-04 17:45:26","2026-03-05 00:23:01",,6.45,1.0,,,,,10.0,,,2,2
171,"Green Onion Imperial",Produce,each,10.0,"2026-03-04 17:45:26","2026-03-05 00:22:22",,8.36,1.0,,,,,10.0,,,2,2
172,"Green Onion Local",Produce,each,2.0,"2026-03-04 17:45:26","2026-03-04 20:44:56",,6.2,1.0,,,,,10.0,,,2,2
173,"Hamakua Mac Diced #6 Unsalted Roasted Macadamia Nuts 20lb",Food,bag,2.0,"2026-03-04 17:45:26","2026-03-05 02:10:27",,350.29,20.0,,,,,10.0,,,2,4
174,"Beans - Haricot Vert Green Beans 2lb Package",Produce,each,2.0,"2026-03-04 17:45:26","2026-03-04 23:12:54",,12.01,2.0,,,,,10.0,,,2,2
175,"Hawaii Beverage Deposit Fee",Other,each,57.0,"2026-03-04 17:45:26","2026-03-04 20:45:08",,0.72,1.0,,,,,10.0,,,1,
176,"HD Pot & Pan Premium 5 Gallon","Cleaning Supplies",each,1.0,"2026-03-04 17:45:26","2026-03-04 20:45:12",,79.47,5.0,,,,,10.0,,,2,5
178,"Heavy Cream 36%",Dairy,case,3.0,"2026-03-04 17:45:26","2026-03-10 20:02:35",case,201.24,12.0,each,16.0,oz,"16 oz",2.0,,2,2,1
179,"Hennessy Cognac VS 80 Proof 1L",Spirits,bottle,8.0,"2026-03-04 17:45:26","2026-03-04 20:45:20",,50.5,1.0,,,,,6.0,,,1,6
180,"Hinode Medium Grain Calrose Rice 4% 50lb Bag",Food,bag,8.0,"2026-03-04 17:45:26","2026-03-05 02:10:39",,34.44,50.0,,,,,10.0,,,2,4
182,"Hondashi - Ajinomoto",Food,case,2.0,"2026-03-04 17:45:26","2026-03-05 03:03:18",case,156.12,6.0,each,,,,10.0,,,2,4
183,Honey,Food,case,2.0,"2026-03-04 17:45:26","2026-03-05 02:11:16",case,112.2,6.0,each,16.0,oz,"16 oz",10.0,,,2,4
184,"Honeydew Melon Case",Produce,case,3.0,"2026-03-04 17:45:26","2026-03-04 23:30:20",,46.95,1.0,,,,,10.0,,,2,2
185,"House X-Firm Tofu 12/12oz Case",Food,case,1.0,"2026-03-04 17:45:26","2026-03-05 03:04:44",case,28.32,12.0,each,12.0,oz,"12 oz",4.0,,,2,2
186,"Hummus - Vegan",Food,each,4.0,"2026-03-04 17:45:26","2026-03-04 22:52:02",,4.99,10.0,,,,,2.0,,,2,2
188,"Imperial Thyme 1lb",Produce,each,2.0,"2026-03-04 17:45:26","2026-03-05 02:11:42",,10.42,1.0,,,,,10.0,,,2,4
191,"Imported Rosemary 1lb",Produce,each,9.0,"2026-03-04 17:45:26","2026-03-05 00:31:44",,7.79,1.0,,,,,10.0,,,2,3
193,"Inside Top Round Prime XT Iowa Premium",Meat,each,14.0,"2026-03-04 17:45:26","2026-03-05 03:24:21",case,626.5,70.0,lb,1.0,lb,"1 lb",10.0,,14,2,1
194,"Int'l Delight Vanilla Aseptic Creamer PC FR 288x0.52oz Case",Food,case,2.0,"2026-03-04 17:45:26","2026-03-05 01:45:36",,35.84,288.0,,,,,10.0,,,2,1
195,"Italian Parsley US Bunch",Produce,each,6.0,"2026-03-04 17:45:26","2026-03-05 00:26:05",,1.93,1.0,,,,,10.0,,,2,3
196,"Jim Beam Bourbon 80 Proof 1L",Spirits,case,3.0,"2026-03-04 17:45:26","2026-03-04 20:46:01",,16.93,1.0,,,,,1.0,,,1,6
197,"Juice - Lemon",Beverages,case,7.0,"2026-03-04 17:45:26","2026-03-05 03:05:25",case,30.0,2.0,each,1.0,gal,"1 gal",6.0,,,2,1
198,"JUICE, ORANGE CONC",Beverages,case,0.0,"2026-03-04 17:45:26","2026-03-05 01:46:00",,160.39,1.0,,,,,0.0,,,1,1
199,"Carrots - Jumbo 50lb Case",Produce,case,6.0,"2026-03-04 17:45:26","2026-03-04 23:18:05",case,44.95,1.0,,50.0,,,10.0,,,2,2
200,"Jumbo Round Onions Bag",Produce,bag,3.0,"2026-03-04 17:45:26","2026-03-04 20:46:13",,34.95,25.0,,,,,10.0,,,2,2
201,"Kaiser Hamburger Buns",Food,case,4.0,"2026-03-04 17:45:26","2026-03-04 20:46:15",,57.55,1.0,,,,,1.0,,,2,9
202,"Kamora Coffee Liqueur 40 Proof 750ml",Spirits,bottle,1.0,"2026-03-04 17:45:26","2026-03-04 20:46:25",,15.08,750.0,,,,,10.0,,,1,6
203,"Karat Kraft PFAS Free Food Tray 2lb (32oz) 4x250 Count Case",Supplies,case,2.0,"2026-03-04 17:45:26","2026-03-04 20:46:28",,33.31,4.0,,,,,10.0,,,2,14
205,"KCB7 7 inch Tall Paper Chef Hat 12 Count Case",Supplies,case,3.0,"2026-03-04 17:45:26","2026-03-04 20:46:35",,17.48,12.0,,,,,10.0,,,2,14
206,"KCC Oshibori Rockahula",Supplies,case,2.0,"2026-03-04 17:45:26","2026-03-05 03:29:37",,12.0,2000.0,,,,,10.0,,,3,14
207,"KCC Oshibori Star of Honolulu",Supplies,case,0.0,"2026-03-04 17:45:26","2026-03-05 03:05:46",,10.0,2000.0,,,,,10.0,,,2,14
208,"Ken's Oriental Pan Asian Dressing 4/1 Gallon",Food,case,4.0,"2026-03-04 17:45:26","2026-03-05 01:46:05",,29.79,1.0,,,,,10.0,,,2,1
209,"Ketchup - Heinz 10lb",Food,case,1.0,"2026-03-04 17:45:26","2026-03-05 03:06:29",case,80.7,6.0,each,10.0,lb,"10 lb",1.0,,,2,4
210,"Ketchup - Packets",Food,case,2.0,"2026-03-04 17:45:26","2026-03-04 20:46:52",,34.0,1.0,,,,,1.0,,,2,4
211,"Kikkoman Untoasted Japanese Panko Bread Crumbs 25lb Bag",Food,bag,1.0,"2026-03-04 17:45:26","2026-03-10 20:02:35",,28.11,25.0,,,,,10.0,,2,2,4
212,"Kim Chee Base",Food,each,1.0,"2026-03-04 17:45:26","2026-03-04 22:52:17",,10.0,1.0,,,,,2.0,,,2,1
213,"Kirkland Signature Whole Milk 1 Gallon",Dairy,each,9.0,"2026-03-04 17:45:26","2026-03-05 01:47:23",,7.29,1.0,,,,,10.0,,,2,1
214,"Kitchen Bouquet",Food,each,6.0,"2026-03-04 17:45:26","2026-03-05 02:12:11",,8.79,16.0,,,,,10.0,,,2,4
215,"KKM Manjo Aji Mirin 6x60 FZ Case",Food,case,4.0,"2026-03-04 17:45:26","2026-03-05 03:07:30",case,49.0,6.0,each,60.0,oz,"60 oz",10.0,,,2,4
216,"Kleen Green 4x1g","Cleaning Supplies",each,2.0,"2026-03-04 17:45:26","2026-03-04 20:47:08",,18.21,1.0,,,,,10.0,,,2,5
217,"KNORR SHC Base Ultimate Vegetable",Food,each,0.0,"2026-03-04 17:45:26","2026-03-05 02:12:38",,2.53,16.0,,,,,10.0,,,2,4
218,"KONA LONGBOARD 12oz CANS ",Beer,each,60.0,"2026-03-04 17:45:26","2026-03-04 20:47:12",,1.66,12.0,,,,,48.0,,,1,6
219,"Asparagus - Large 11lb Case",Produce,case,1.0,"2026-03-04 17:45:26","2026-03-05 22:44:55",,59.85,11.0,,,,,0.0,,,2,2
220,"Large Crimini Mushrooms",Produce,each,3.0,"2026-03-04 17:45:26","2026-03-04 23:42:51",,6.22,1.0,,,,,10.0,,,2,2
222,"Lettuce - Red Leaf",Produce,case,0.0,"2026-03-04 17:45:26","2026-03-04 23:26:19",,34.74,1.0,,,,,8.0,,,2,2
223,"Lettuce - Romaine",Produce,case,90.0,"2026-03-04 17:45:26","2026-03-04 23:26:43",,43.35,1.0,,,,,10.0,,,2,2
224,"LifeSmart TM4800 Treadmill",Equipment,each,1.0,"2026-03-04 17:45:26","2026-03-05 03:26:30",,1079.99,1.0,,,,,10.0,,,7,16
225,"Lime 175 Count H-1 Maui Case",Produce,each,1.0,"2026-03-04 17:45:26","2026-03-10 20:04:08",,62.01,175.0,,,,,10.0,,6,2,2
226,"Lobster 16/18 oz",Seafood,case,1241.0,"2026-03-04 17:45:26","2026-03-05 01:32:13",,101.0,10.0,,,,,10.0,,,2,17
227,"Lobster 16/18 oz",Seafood,case,543.0,"2026-03-04 17:45:26","2026-03-05 03:32:34",,101.0,10.0,,,,,1048.0,,,2,9
228,"Basil - Local Basil 1/2# Bag",Produce,bag,4.0,"2026-03-04 17:45:26","2026-03-04 23:12:11",,2.65,2.0,,,,,10.0,,,2,2
230,"Local Green Onions",Produce,each,0.0,"2026-03-04 17:45:26","2026-03-05 00:22:45",,8.5,1.0,,,,,10.0,,,2,2
231,"Eggs - Local Large Cage Free A Eggs 30 dozen",Dairy,case,0.0,"2026-03-04 17:45:26","2026-03-05 01:43:40",,163.85,12.0,,,,,10.0,,,2,1
234,"Lyons Magnus Raspberry Designer Dessert Squeeze Bottles 12 x 152ml Case",Food,case,0.1,"2026-03-04 17:45:26","2026-03-10 20:02:35",,52.48,12.0,,,,,10.0,,2,2,4
235,"Macadamia Nuts - Cans",Food,case,4.0,"2026-03-04 17:45:26","2026-03-04 20:47:56",,28.61,4.0,,,,,10.0,,,2,4
236,"Cheese - Manchego Aged 3Mo.DOP 2/6.6#",Dairy,each,4.0,"2026-03-04 17:45:26","2026-03-04 23:04:58",lb,100.65,6.6,lb,,lb,,4.0,,,2,2
237,"Mango Mousse Cake Round w/ Chocolate Plaque",Bakery,case,3.0,"2026-03-04 17:45:26","2026-03-07 22:12:42",sheet,140.4,54.0,each,,each,,4.0,,,2,9
238,"Olives - Manzanilla Pitted Olives 11lb",Food,each,2.0,"2026-03-04 17:45:26","2026-03-04 22:50:52",,77.45,11.0,,,,,10.0,,,2,3
239,"Marcho Provimi Veal Shank Leg Bones 4in Bulk 50lb",Food,bag,2.0,"2026-03-04 17:45:26","2026-03-05 01:32:44",,307.1,50.0,,,,,10.0,,,2,9
240,"MAROON NAPKIN",Supplies,each,2.0,"2026-03-04 17:45:26","2026-03-04 18:33:31",,0.15,1.0,,,,,10.0,,,,18
241,"Martini & Rossi Vermouth Rosso 375ml",Mixers,case,2.0,"2026-03-04 17:45:26","2026-03-04 20:48:14",,11.17,375.0,,,,,1.0,,,1,6
242,"Mayonnaise - Vegan Mayonnaise",Food,case,6.0,"2026-03-04 17:45:26","2026-03-05 01:47:59",,145.97,1.0,,,,,8.0,,,2,1
243,"Medium Mushrooms",Produce,each,0.0,"2026-03-04 17:45:26","2026-03-04 23:43:02",,5.95,1.0,,,,,10.0,,,2,2
244,"Mini Cheesecake",Bakery,each,60.0,"2026-03-04 17:45:26","2026-03-04 23:06:04",,1.75,1.0,,,,,10.0,,,2,9
245,"Mini Seedless Watermelon Case",Produce,each,19.0,"2026-03-04 17:45:26","2026-03-04 20:48:25",,35.98,4.0,,,,,10.0,,,2,2
246,Mint,Produce,bag,4.0,"2026-03-04 17:45:26","2026-03-04 23:42:24",,6.41,3.93,,,,,10.0,,,2,2
248,"Miso - Red Miso",Food,case,3.0,"2026-03-04 17:45:26","2026-03-05 01:48:03",,24.5,5.0,,,,,2.0,,,2,1
249,"Miso - White Miso",Food,case,2.0,"2026-03-04 17:45:26","2026-03-05 01:48:08",,27.28,2.0,,,,,2.0,,,2,1
250,"Monstera Large",Plants,each,36.0,"2026-03-04 17:45:26","2026-03-05 01:48:14",,5.2,1.0,,,,,10.0,,,2,1
251,"Mop & Go (Active Wash) Bacteria Floor Cleaner 4x1 gallon","Cleaning Supplies",each,2.0,"2026-03-04 17:45:26","2026-03-04 20:48:47",,24.67,1.0,,,,,10.0,,,2,5
252,"Mustard - Grey Poupon",Food,case,2.0,"2026-03-04 17:45:26","2026-03-05 02:13:14",,4.69,48.0,,,,,4.0,,,2,4
253,"Mustard - Packets",Food,case,2.0,"2026-03-04 17:45:26","2026-03-04 20:49:02",,31.95,1.0,,,,,10.0,,,2,4
254,"Nature Valley Variety Granola Bar 172 Bars 7x23.49oz Case",Food,each,3.0,"2026-03-04 17:45:26","2026-03-04 20:49:04",,106.73,172.0,,,,,10.0,,,2,13
255,"Navel Orange 72 Count Case",Produce,case,1.0,"2026-03-04 17:45:26","2026-03-05 00:23:42",,57.25,1.0,,,,,10.0,,,2,2
257,"Noodles - Pancit",Food,case,12.0,"2026-03-04 17:45:26","2026-03-05 00:24:41",,212.66,10.0,,,,,10.0,,,2,3
258,"Nori Flakes",Food,bag,2.0,"2026-03-04 17:45:26","2026-03-04 20:49:15",,11.95,1.0,,,,,10.0,,,2,4
259,"Nuts - Almonds",Food,bag,1.0,"2026-03-04 17:45:26","2026-03-04 22:53:12",,13.02,1.0,,,,,2.0,,,2,3
260,"Nuts - Pine Nuts",Food,each,1.0,"2026-03-04 17:45:26","2026-03-04 20:49:19",,90.0,1.0,,,,,1.0,,,2,3
261,Ogo,Produce,each,0.0,"2026-03-04 17:45:26","2026-03-05 00:21:39",,9.95,1.0,,,,,0.0,,,2,3
262,"Oil - FRYMAX Oil Soy Supreme 35lb",Oil,each,12.0,"2026-03-04 17:45:26","2026-03-05 02:13:21",,66.92,35.0,,,,,10.0,,,2,4
263,"Oil - Kirkland Signature Canola Oil 2x3 Quart",Oil,case,25.0,"2026-03-04 17:45:26","2026-03-05 02:14:35",case,13.7,2.0,each,3.0,qt,"3 qt",10.0,,,2,4
264,"Oil - Kirkland Signature Organic Olive Oil 2 Liter",Oil,case,6.0,"2026-03-04 17:45:26","2026-03-05 03:08:21",case,18.7,2.0,each,2.0,L,"2 L",10.0,,,2,4
265,"Oil - Sesame Oil",Oil,bottle,2.0,"2026-03-04 17:45:26","2026-03-05 02:15:10",,202.5,10.0,,,,,10.0,,,2,4
267,"Oil - White Truffle Oil",Oil,each,12.0,"2026-03-04 17:45:26","2026-03-05 01:48:54",,65.28,1.0,,,,,1.0,,,2,1
269,"Potatoes - Okinawan Case",Produce,each,6.0,"2026-03-04 17:45:26","2026-03-05 00:29:30",,73.25,40.0,,,,,10.0,,,2,3
270,"Olives - Kalamata",Food,each,1.0,"2026-03-04 17:45:26","2026-03-04 22:49:58",,150.0,2.0,,,,,1.0,,,2,3
271,"Opus One 2022",Wine,bottle,18.0,"2026-03-04 17:45:26","2026-03-04 20:49:44",,238.0,750.0,,,,,6.0,,,1,6
272,"ORANGE JUICE ",Beverages,box,3.0,"2026-03-04 17:45:26","2026-03-05 02:15:16",,124.5,18.0,,,,,10.0,,,1,4
274,"Oyster Sauce",Food,each,7.0,"2026-03-04 17:45:26","2026-03-10 20:02:35",,6.84,33.8,,,,,10.0,,2,2,4
275,"Pan Liners",Supplies,case,2.0,"2026-03-04 17:45:26","2026-03-04 22:52:36",,87.06,4.0,,,,,2.0,,,2,14
276,"Panko - Upper Crust Panko Coarse Japanese Style Bread Crumb 20lb Bag",Food,bag,1.0,"2026-03-04 17:45:26","2026-03-04 20:49:57",,44.95,20.0,,,,,10.0,,,2,4
277,"Edible Pansies H-1 Flowers 50 Count Tray",Plants,each,2.0,"2026-03-04 17:45:26","2026-03-10 20:04:08",,16.06,50.0,,,,,10.0,,6,2,2
279,"Papaya Pre-Conditioned H-1",Produce,case,12.0,"2026-03-04 17:45:26","2026-03-05 00:25:36",,33.5,1.0,,,,,10.0,,,2,2
280,"Par-Way Tryson Vegalene Pan Coating Liquid Spray 6x16oz Case",Oil,case,15.0,"2026-03-04 17:45:26","2026-03-05 02:26:07",case,30.3,6.0,each,16.0,oz,"16 oz",10.0,,,2,4
281,"Pasta - Villa Firzzoni Heavy Wall Elbow Pasta",Food,case,3.0,"2026-03-04 17:45:26","2026-03-10 20:02:35",,32.04,20.0,,,,,10.0,,2,2,4
282,"Garlic - Peeled Garlic 5lb Bag",Produce,bag,3.0,"2026-03-04 17:45:26","2026-03-04 23:22:38",,29.62,5.0,,,,,10.0,,,2,2
283,"Pepper - Pepper Packet",Food,case,1.0,"2026-03-04 17:45:26","2026-03-04 20:50:13",,22.0,1.0,,,,,10.0,,,2,4
285,"Peppers - Peperoncini",Food,case,3.0,"2026-03-04 17:45:26","2026-03-04 22:49:39",,12.16,1.0,,,,,1.0,,,2,3
286,"PERFECT PUREE Passion Fruit Frozen 6x30oz Case",Beverages,case,6.0,"2026-03-04 17:45:26","2026-03-05 01:32:54",,191.12,30.0,,,,,10.0,,,1,9
287,"Perricone Fresh Lemon Juice 4 x 1 Gallon Package",Beverages,each,4.0,"2026-03-04 17:45:26","2026-03-05 01:49:08",,80.56,4.0,,,,,10.0,,,2,1
288,"Perricone Fresh Lime Juice 4x1 Gallon Case",Beverages,case,4.0,"2026-03-04 17:45:26","2026-03-04 20:50:30",,23.18,1.0,,,,,10.0,,,1,1
289,"Peter Vella Burgundy 5L",Wine,case,2.0,"2026-03-04 17:45:26","2026-03-04 20:50:35",,62.0,5.0,,,,,10.0,,,2,6
290,"Peter Vella Chablis 5L",Wine,case,2.0,"2026-03-04 17:45:26","2026-03-04 20:50:37",,62.0,5.0,,,,,10.0,,,2,6
291,"Pickle - Dill Chips",Food,case,1.0,"2026-03-04 17:45:26","2026-03-04 20:50:39",,69.12,6.0,,,,,10.0,,,2,3
292,"Pin Cushion Flowers",Plants,each,0.0,"2026-03-04 17:45:26","2026-03-05 01:49:18",,4.7,1.0,,,,,10.0,,,4,1
294,"Platinum Single Convection Oven NG Gas 120V with Casters",Equipment,each,2.0,"2026-03-04 17:45:26","2026-03-05 03:26:15",,6075.0,1.0,,,,,10.0,,,7,16
295,"Polyvinyl Clear Food Wrap 18 inch x 3000 ft",Supplies,each,6.0,"2026-03-04 17:45:26","2026-03-04 20:50:50",,27.59,3000.0,,,,,10.0,,,2,14
296,"Pork Butt",Food,case,3.0,"2026-03-04 17:45:26","2026-03-05 01:32:58",,52.42,25.5,,,,,2.0,,,2,9
297,"Cheese - Port Salut Wheel S.A.F.R. 5lb",Dairy,each,4.0,"2026-03-04 17:45:26","2026-03-04 23:02:55",lb,86.6,5.0,lb,,,,10.0,,,2,2
298,"Portabella Mushrooms",Produce,case,1.0,"2026-03-04 17:45:26","2026-03-04 20:50:58",,31.91,5.0,,,,,10.0,,,2,2
300,"Potatoes - Sweet Yama",Produce,case,0.0,"2026-03-04 17:45:26","2026-03-05 00:29:41",,7.04,40.0,,,,,10.0,,,2,3
301,"Potatoes 40s/50s Case",Produce,case,9.0,"2026-03-04 17:45:26","2026-03-05 00:28:38",,37.75,40.0,,,,,10.0,,,2,3
302,"Prime Sup Beef Tenderloin PSMO",Meat,case,3.0,"2026-03-04 17:45:26","2026-03-05 03:24:56",case,3116.0,80.0,lb,1.0,lb,"1 lb",10.0,,14,2,1
303,Proscuitto,Food,case,12.0,"2026-03-04 17:45:26","2026-03-05 03:09:03",case,165.48,12.0,each,,,,12.0,,,2,2
304,"Puree - Guava",Food,each,4.0,"2026-03-04 17:45:26","2026-03-05 01:52:17",case,111.18,6.0,each,12.0,oz,"12 oz",4.0,,,1,1
305,"Puree - Mango",Food,each,2.0,"2026-03-04 17:45:26","2026-03-05 01:53:09",case,101.64,6.0,each,16.0,oz,"16 oz",3.0,,,1,1
306,"Puree - Papaya",Food,each,4.0,"2026-03-04 17:45:26","2026-03-05 01:53:54",case,121.14,6.0,each,16.0,oz,"16 oz",2.0,,,2,1
308,"Puree - Pineapple",Food,each,8.0,"2026-03-04 17:45:26","2026-03-05 01:54:43",case,106.02,6.0,each,16.0,oz,"16 oz",4.0,,,1,1
309,"Puree - Tropics",Food,each,5.0,"2026-03-04 17:45:26","2026-03-05 01:55:22",case,103.02,6.0,each,16.0,oz,"16 oz",10.0,,,1,1
310,"Carrots - Purple Large Carrots 25lb Sack",Produce,each,0.0,"2026-03-04 17:45:26","2026-03-04 23:18:20",,63.5,25.0,,,,,10.0,,,2,2
311,"QP Deep Roasted Sesame Dressing 4x64 fl oz",Food,each,3.0,"2026-03-04 17:45:26","2026-03-05 01:56:01",,98.0,4.0,,,,,10.0,,,2,1
312,"Quality House Gin 80 Proof 1L",Spirits,case,2.0,"2026-03-04 17:45:26","2026-03-04 20:51:43",,8.49,1.0,,,,,4.0,,,1,6
314,"Radish H-1 2lb Bag",Produce,bag,4.0,"2026-03-04 17:45:26","2026-03-05 00:30:18",,13.25,2.0,,,,,10.0,,,2,2
315,"Berries - Raspberries 12x6oz Case",Produce,box,12.0,"2026-03-04 17:45:26","2026-03-10 20:04:08",,4.12,16.0,,,,,10.0,,6,2,2
316,"Real Del Valle Tequila Reposado 80 Proof 1L",Spirits,bottle,5.0,"2026-03-04 17:45:26","2026-03-04 20:51:53",,18.5,1.0,,,,,4.0,,,1,6
317,"Beets - Red 25lb Case",Produce,case,1.0,"2026-03-04 17:45:26","2026-03-04 23:14:22",,34.83,25.0,,,,,10.0,,,2,2
318,"Peppers - Red Bell Pepper",Produce,case,1.0,"2026-03-04 17:45:26","2026-03-04 23:15:25",,54.65,22.0,,,,,10.0,,,2,2
319,"Cabbage - Red Sack",Produce,each,1.0,"2026-03-04 17:45:26","2026-03-04 23:17:42",,53.25,1.0,,,,,10.0,,,2,2
320,"Red Grape Tomatoes 2lb Basket",Produce,bag,6.0,"2026-03-04 17:45:26","2026-03-05 00:37:45",,10.5,2.0,,,,,10.0,,,2,2
321,"Red Jumbo Onion 25lb Sack",Produce,bag,12.0,"2026-03-04 17:45:26","2026-03-05 00:22:14",,27.35,25.0,,,,,10.0,,,2,2
323,"Grapes - Red Seedless Grapes Case",Produce,case,4.0,"2026-03-04 17:45:26","2026-03-10 20:04:08",,49.86,1.0,,,,,10.0,,6,2,2
324,"Rice - Kokeshi White Calrose US #1 Rice",Food,bag,3.0,"2026-03-04 17:45:26","2026-03-05 02:17:15",,37.61,50.0,,,,,10.0,,,2,4
325,"Rice - Wild Rice",Food,bag,2.0,"2026-03-04 17:45:26","2026-03-04 20:52:17",,30.0,5.0,,,,,3.0,,,2,4
327,"Roast Pig 65#",Food,each,0.0,"2026-03-04 17:45:26","2026-03-04 20:52:24",,350.35,65.0,,,,,1.0,,,2,
328,"Roland White Truffle Oil with EVOO (Italy) 8.5oz Bottle",Food,bottle,2.0,"2026-03-04 17:45:26","2026-03-04 20:52:27",,33.23,8.5,,,,,10.0,,,2,1
330,"RonDiaz Tiki Collection Dark Rum 1.0L",Spirits,case,2.0,"2026-03-04 17:45:26","2026-03-04 20:52:31",,96.0,1.0,,,,,10.0,,,1,6
331,Rosemary,Produce,each,10.0,"2026-03-04 17:45:26","2026-03-04 20:52:33",,11.0,1.0,,,,,10.0,,,2,3
332,"RUF2 Label 2 inch Use First (24) Round Removable 500 Count (24/CS)",Supplies,each,5.0,"2026-03-04 17:45:26","2026-03-04 20:52:37",,9.0,500.0,,,,,10.0,,,2,14
333,Salami,Food,case,25.0,"2026-03-04 17:45:26","2026-03-05 03:09:32",case,32.85,3.0,lb,4.0,,,16.0,,,2,3
334,"Salmon - Salmon 10lb/6oz",Food,case,1.0,"2026-03-04 17:45:26","2026-03-05 01:33:04",,65.1,10.0,,,,,2.0,,,2,9
335,"Salt - Black Lava Coarse Sea Salt 5lb",Food,each,1.0,"2026-03-04 17:45:26","2026-03-05 02:17:21",,48.4,5.0,,,,,10.0,,,2,4
336,"Salt - Iodized",Food,case,1.3,"2026-03-04 17:45:26","2026-03-05 02:17:27",,2.39,2.8,,,,,10.0,,,2,4
337,"Salt - Kosher",Food,each,1.5,"2026-03-04 17:45:26","2026-03-05 02:17:40",,7.57,16.0,,,,,10.0,,,2,4
338,"Salt - Packets",Food,case,1.0,"2026-03-04 17:45:26","2026-03-04 20:52:49",,32.0,1.0,,,,,10.0,,,2,4
339,"Salt - Red Palm Island Coarse Sea Salt 5lb",Food,each,1.0,"2026-03-04 17:45:26","2026-03-04 20:52:54",,45.22,5.0,,,,,10.0,,,2,4
340,"Sauce - A1",Food,case,1.0,"2026-03-04 17:45:26","2026-03-04 20:52:58",,3.83,5.0,,,,,1.0,,,2,4
342,"Sauce - Kiwi Sauce",Food,case,4.0,"2026-03-04 17:45:26","2026-03-04 20:53:03",,17.74,2.2,,,,,2.0,,,2,1
343,"Sauce - Sriracha",Food,case,3.0,"2026-03-04 17:45:26","2026-03-05 02:18:55",,5.75,18.0,,,,,2.0,,,2,4
344,"Sauce - Strawberry",Food,case,2.0,"2026-03-04 17:45:26","2026-03-10 20:02:35",,17.74,2.2,,,,,2.0,,2,2,1
345,"Sauce - Tobasco",Food,case,1.0,"2026-03-04 17:45:26","2026-03-04 20:53:09",,40.56,24.0,,,,,1.0,,,2,4
346,"Sayanishiki Super Premium Rice 50lb",Food,each,4.0,"2026-03-04 17:45:26","2026-03-04 20:53:11",,36.0,50.0,,,,,10.0,,,2,4
348,"Seagrams 7 Crown Blended Whiskey 80 Proof 1L",Spirits,bottle,9.0,"2026-03-04 17:45:26","2026-03-04 20:53:17",,22.25,1.0,,,,,6.0,,,1,6
349,"Seasame Seed - White Roasted Sesame Seed Spice",Food,case,2.8,"2026-03-04 17:45:26","2026-03-05 02:19:22",case,41.22,6.0,each,16.0,oz,"16 oz",10.0,,,2,4
350,"Seasoning - Lawry's",Food,each,0.6,"2026-03-04 17:45:26","2026-03-04 20:53:21",,11.73,1.0,,,,,10.0,,,2,4
351,Shallots,Produce,each,2.0,"2026-03-04 17:45:26","2026-03-05 00:32:01",,30.33,5.0,,,,,1.0,,,2,2
353,"Shoyu - Kikkoman Packets",Food,case,2.0,"2026-03-04 17:45:26","2026-03-10 20:02:35",,10.42,100.0,,,,,2.0,,2,2,4
366,"SIERRA NEVADA PALE ALE 12oz CANS",Beer,each,0.0,"2026-03-04 17:45:26","2026-03-04 20:54:11",,1.52,12.0,,,,,0.0,,,1,6
367,"Slicer, Vegetable 1",Supplies,case,1.0,"2026-03-04 17:45:26","2026-03-05 03:27:03",,59.05,1.0,,,,,0.0,,,7,14
369,"Potatoes - Small Red B 50lb Case",Produce,case,3.0,"2026-03-04 17:45:26","2026-03-10 20:06:00",,50.1,50.0,,,,,10.0,,6,2,2
370,"Smart Balance Whipped Buttery Spread Cups",Food,each,6.0,"2026-03-04 17:45:26","2026-03-05 01:56:38",,32.92,500.0,,,,,10.0,,,2,1
371,"Smooth Ramekin Bone 1.5 oz (4 count)",Supplies,each,9.0,"2026-03-04 17:45:26","2026-03-05 03:27:06",,12.67,1.5,,,,,10.0,,,7,14
373,"Sorbet - Dragon Fruit Sorbetto 5L Tub",Food,each,3.0,"2026-03-04 17:45:26","2026-03-10 20:04:08",,52.7,5.0,,,,,10.0,,12,2,9
375,"Sorbet - Mango Sorbetto 5L Tub",Food,each,12.0,"2026-03-04 17:45:26","2026-03-05 01:33:40",,44.75,5.0,,,,,6.0,,,2,9
376,"Sorbet - Strawberry Sorbet 5.5L Pan",Food,each,0.0,"2026-03-04 17:45:26","2026-03-10 20:04:08",,49.94,5.5,,,,,2.0,,12,2,9
378,"SPICE, PEPPER BLACK",Food,case,1.0,"2026-03-04 17:45:26","2026-03-04 20:54:52",,18.45,18.0,,,,,0.0,,,2,4
379,"Spices - All Spice",Food,each,6.0,"2026-03-04 17:45:26","2026-03-05 02:20:33",,8.61,16.0,,,,,2.0,,,2,4
380,"Spices - Bay Leaves",Food,bottle,1.99,"2026-03-04 17:45:26","2026-03-04 20:54:56",,12.0,4.0,,,,,1.0,,,2,4
381,"Spices - Cajun Seasoning",Food,bottle,3.0,"2026-03-04 17:45:26","2026-03-04 20:54:58",,22.22,18.0,,,,,2.0,,,2,4
382,"Spices - Cayenne Pepper",Food,each,3.0,"2026-03-04 17:45:26","2026-03-04 20:55:01",,18.82,18.0,,,,,2.0,,,2,4
383,"Spices - Chipotle Chili Pepper",Food,each,2.0,"2026-03-04 17:45:26","2026-03-04 20:55:04",,18.0,18.0,,,,,1.0,,,2,4
384,"Spices - Cloves",Food,each,1.0,"2026-03-04 17:45:26","2026-03-04 20:55:06",,18.22,18.0,,,,,1.0,,,2,4
385,"Spices - Cumin",Food,each,2.0,"2026-03-04 17:45:26","2026-03-04 20:55:08",,18.0,18.0,,,,,1.0,,,2,4
386,"Spices - Dried Basil",Food,each,3.0,"2026-03-04 17:45:26","2026-03-04 20:55:11",,5.2,18.0,,,,,2.0,,,2,4
387,"Spices - Dried Oregano",Food,each,5.0,"2026-03-04 17:45:26","2026-03-05 02:20:43",,16.14,32.0,,,,,4.0,,,2,4
388,"Spices - Northwood Steak  Seasoning",Food,each,2.3,"2026-03-04 17:45:26","2026-03-04 20:55:19",,21.8,18.0,,,,,2.0,,,2,4
389,"Spices - Onion Powder",Food,each,2.0,"2026-03-04 17:45:26","2026-03-05 02:20:53",,12.22,18.0,,,,,4.0,,,2,4
390,"Spices - Paprika",Food,each,2.0,"2026-03-04 17:45:26","2026-03-05 02:21:18",,21.8,17.0,,,,,4.0,,,2,4
392,"Spices - Pepper White Ground",Food,each,2.0,"2026-03-04 17:45:26","2026-03-05 02:21:35",,29.37,18.0,,,,,2.0,,,2,4
393,"Spices - Peppercorn",Food,each,3.0,"2026-03-04 17:45:26","2026-03-04 20:55:32",,20.48,18.0,,,,,2.0,,,2,4
394,"Spices - Tarragon",Food,each,5.0,"2026-03-04 17:45:26","2026-03-04 20:55:33",,3.2,4.0,,,,,4.0,,,2,4
396,"Stacking Kit with Casters",Equipment,each,1.0,"2026-03-04 17:45:26","2026-03-05 03:26:33",,150.0,1.0,,,,,10.0,,,7,16
397,"Stainless Steel Lobster Cracker (Pack of 12)",Supplies,each,94.0,"2026-03-04 17:45:26","2026-03-05 03:27:08",,17.07,12.0,,,,,10.0,,,7,14
398,"STAR HD Delimer",Supplies,each,2.0,"2026-03-04 17:45:26","2026-03-04 20:55:44",,20.68,1.0,,,,,10.0,,,2,5
399,"STAR HD Pot & Pan Premium",Supplies,each,2.0,"2026-03-04 17:45:26","2026-03-04 20:55:46",,75.12,5.0,,,,,10.0,,,2,5
400,"STAR Powercap MPD 40",Supplies,each,1.0,"2026-03-04 17:45:26","2026-03-04 20:55:48",,96.7,1.0,,,,,10.0,,,2,5
401,"Sterling Pacific Airline Single Boneless Skinless Chicken Breast",Meat,case,2.0,"2026-03-04 17:45:26","2026-03-04 20:55:50",,116.41,240.0,,,,,10.0,,,2,9
402,"Berries - Strawberries 1lb Clamshell",Produce,box,45.0,"2026-03-04 17:45:26","2026-03-04 23:16:05",,5.81,1.0,,,,,10.0,,,2,2
403,"Sugar - C&H Granulated Sugar 50 lb",Food,bag,2.0,"2026-03-04 17:45:26","2026-03-04 22:28:29",,42.79,50.0,,,,,10.0,,,2,4
404,"Sugar - C&H Packets",Food,case,2.0,"2026-03-04 17:45:26","2026-03-04 20:56:09",,26.06,1.0,,,,,10.0,,,2,4
405,"Sugar - Pure Cane Packets",Food,case,1.0,"2026-03-04 17:45:26","2026-03-04 20:56:12",,27.0,1.0,,,,,1.0,,,2,4
406,"Sugar - Splenda Packets",Food,case,1.0,"2026-03-04 17:45:26","2026-03-04 20:56:14",,44.83,1.0,,,,,1.0,,,2,4
407,"Sugar - Sweet and Low",Food,case,1.0,"2026-03-04 17:45:26","2026-03-04 20:56:17",,21.87,1.0,,,,,1.0,,,2,4
408,"SUMI. 10-12 OZ SHX 8",Food,case,8.0,"2026-03-04 17:45:26","2026-03-04 20:56:19",,77.19,1.0,,,,,0.0,,,2,3
410,"Sun Orchard Fresh Pasteurized Orange Juice 4x1 Gallon Case",Beverages,each,10.0,"2026-03-04 17:45:26","2026-03-10 20:02:35",,18.21,1.0,,,,,10.0,,2,1,1
412,"SUNKIST Orange Juice Expedition Pack 4+1",Beverages,case,0.0,"2026-03-04 17:45:26","2026-03-05 01:57:30",,329.47,9.0,,,,,10.0,,,1,1
413,"Sauce - Sweet Baby Ray's Original BBQ Sauce 4x1 Gallon Case",Food,each,6.0,"2026-03-04 17:45:26","2026-03-10 20:02:35",case,73.08,4.0,each,1.0,gal,"1 gal",10.0,,2,2,4
415,"Sweet Onions",Produce,bag,10.0,"2026-03-04 17:45:26","2026-03-05 00:22:53",,7.0,5.0,,,,,10.0,,,2,2
417,"Sycamore Lane Cabernet Sauvignon 750ml",Wine,bottle,4.0,"2026-03-04 17:45:26","2026-03-04 20:56:52",,55.32,750.0,,,,,10.0,,,1,6
418,"Sycamore Lane Chardonnay 750ml",Wine,bottle,4.0,"2026-03-04 17:45:26","2026-03-04 20:56:54",,55.32,750.0,,,,,10.0,,,1,6
423,"Horseradish - Sysco Classic Kosher Fully Prepared Horseradish 6x32oz Case",Food,each,4.0,"2026-03-04 17:45:26","2026-03-05 03:04:04",case,44.64,6.0,each,32.0,oz,"32 oz",10.0,,,2,1
424,"Beans - Edamame Whole Shelled IQF Edamame Soybeans 12/2#",Food,case,1.0,"2026-03-04 17:45:26","2026-03-04 22:20:42",case,47.55,12.0,each,,,,10.0,,,2,9
426,"Tangerine Clementine 15lb",Produce,case,6.0,"2026-03-04 17:45:26","2026-03-04 20:57:14",,58.51,15.0,,,,,10.0,,,2,2
427,"Taro Roll",Bakery,bag,10.0,"2026-03-04 17:45:26","2026-03-05 22:54:52",bag,3.1,12.0,each,1.0,each,"1 each",16.0,,,2,11
429,"Tarragon 8oz Package",Produce,each,0.0,"2026-03-04 17:45:26","2026-03-05 00:33:46",,12.44,8.0,,,,,10.0,,,2,4
430,"Tater Tots",Food,case,15.0,"2026-03-04 17:45:26","2026-03-04 20:57:24",,104.71,1.0,,,,,6.0,,,2,9
431,"Tea - Darjeeling",Beverages,box,3.0,"2026-03-04 17:45:26","2026-03-04 20:57:26",,46.03,1.0,,,,,2.0,,,2,4
432,"Tea - Earl Grey",Beverages,box,2.0,"2026-03-04 17:45:26","2026-03-04 20:57:28",,33.08,1.0,,,,,1.0,,,2,4
433,"Tea - Jasmine",Beverages,box,0.0,"2026-03-04 17:45:26","2026-03-04 20:57:30",,41.0,1.0,,,,,1.0,,,2,4
434,"Tea - Lipton Brewer Bags",Beverages,box,5.0,"2026-03-04 17:45:26","2026-03-05 02:23:23",,46.13,1.0,,,,,3.0,,,2,4
435,"Tea - Marrakech Mint",Beverages,box,4.0,"2026-03-04 17:45:26","2026-03-04 20:57:34",,41.46,1.0,,,,,2.0,,,2,4
436,"Tender Coconut Case",Produce,case,2.0,"2026-03-04 17:45:26","2026-03-04 20:57:36",,28.95,1.0,,,,,10.0,,,2,3
439,"Ti Leaf Bunch",Plants,each,0.0,"2026-03-04 17:45:26","2026-03-05 01:57:47",,6.55,1.0,,,,,10.0,,,2,1
442,"Tomato - Sundried Tomato",Food,each,1.0,"2026-03-04 17:45:26","2026-03-04 20:57:51",,61.43,5.0,,,,,1.0,,,2,2
443,"Tomato 5x5",Produce,case,9.0,"2026-03-04 17:45:26","2026-03-10 20:06:00",,36.51,1.0,,,,,10.0,,6,2,2
444,"Tomato Paste",Food,case,3.0,"2026-03-04 17:45:26","2026-03-05 02:24:07",case,99.18,6.0,each,10.0,lb,"10 lb",1.0,,,2,4
445,"Tomatoes 5 X 6 Case",Produce,case,10.0,"2026-03-04 17:45:26","2026-03-04 20:57:59",,49.75,1.0,,,,,10.0,,,2,2
446,"Tortilla - Wheat",Food,case,2.0,"2026-03-04 17:45:26","2026-03-04 20:58:00",,71.4,1.0,,,,,1.0,,,2,6
447,"Trader Vics Rum Dark 80 Proof 1L",Spirits,case,0.0,"2026-03-04 17:45:26","2026-03-04 20:58:02",,11.58,1.0,,,,,4.0,,,1,6
448,"Trash Bags - High Density Trash Bags 43x48 Inch 17 Mic 200 Count",Supplies,case,10.0,"2026-03-04 17:45:26","2026-03-04 20:58:06",,36.42,200.0,,,,,10.0,,,2,14
449,"Truffle - Black Truffle Pate",Food,case,1.0,"2026-03-04 17:45:26","2026-03-05 03:11:02",case,211.56,12.0,each,9.9,oz,"9.9 oz",1.0,,,2,1
450,"Truffle- Whole/ Black Summer 7oz",Food,each,13.0,"2026-03-04 17:45:26","2026-03-05 01:58:28",,72.17,1.0,,,,,4.0,,,2,1
452,"Chives - Tubular Chives US 1lb Bag",Produce,bag,2.0,"2026-03-04 17:45:26","2026-03-05 03:28:52",,15.0,1.0,,,,,10.0,,,2,2
454,"US Tarragon 1# Bag",Produce,bag,2.0,"2026-03-04 17:45:26","2026-03-05 03:29:07",,24.75,1.0,,,,,10.0,,,2,2
455,"US Vine-Ripe Tomatoes",Produce,case,27.0,"2026-03-04 17:45:26","2026-03-05 03:29:09",,45.95,1.0,,,,,10.0,,,2,2
456,"Vanilla Extract",Food,case,2.4,"2026-03-04 17:45:26","2026-03-05 02:25:04",case,181.32,6.0,each,32.0,oz,"32 oz",10.0,,,2,4
457,"Vanilla Imitation Extract",Food,each,2.0,"2026-03-04 17:45:26","2026-03-05 02:25:22",,8.18,1.0,,,,,1.0,,,2,4
460,"Vegetable Base",Food,case,12.0,"2026-03-04 17:45:26","2026-03-05 03:28:36",,433.03,6.0,,,,,2.0,,,2,1
461,"VEGETABLE, BEANS K 1",Food,case,1.0,"2026-03-04 17:45:26","2026-03-05 03:29:11",,53.65,1.0,,,,,0.0,,,2,2
462,"Villa Frizzoni Fresh Fancy Shredded Parmesan Cheese 4x5lb Case",Dairy,case,2.0,"2026-03-04 17:45:26","2026-03-05 03:28:39",,32.96,5.0,,,,,10.0,,,2,1
463,"Vinegar - Aged Balsamic",Food,case,1.0,"2026-03-04 17:45:26","2026-03-05 02:27:20",case,41.0,4.0,each,1.0,gal,"1 gal",1.0,,,2,4
464,"Vinegar - Apple Cider",Food,case,9.0,"2026-03-04 17:45:26","2026-03-05 02:28:24",case,58.04,4.0,each,1.0,gal,"1 gal",10.0,,,2,4
465,"Vinegar - Red Wine",Food,case,2.0,"2026-03-04 17:45:26","2026-03-05 02:29:02",case,39.56,4.0,each,1.0,gal,"1 gal",1.0,,,2,4
466,"Vinegar - Rice",Food,case,10.0,"2026-03-04 17:45:26","2026-03-05 02:29:34",case,48.6,4.0,each,1.0,gal,"1 gal",3.0,,,2,4
467,"Vinegar - White Wine",Food,case,2.0,"2026-03-04 17:45:26","2026-03-05 02:30:03",case,38.64,4.0,each,1.0,gal,"1 gal",2.0,,,2,4
468,"Walnuts 5lb Box",Food,box,1.0,"2026-03-04 17:45:26","2026-03-05 03:29:01",,48.15,5.0,,,,,10.0,,,2,3
469,"Watermelon Radish Local",Produce,each,3.0,"2026-03-04 17:45:26","2026-03-05 03:29:15",,9.71,1.0,,,,,10.0,,,2,2
470,"Whipped Cream",Food,case,2.0,"2026-03-04 17:45:26","2026-03-05 01:58:43",,32.14,3.0,,,,,3.0,,,2,1
472,"Whirl Liquid Butter Alternative 3x1 Gallon Case",Food,case,5.2,"2026-03-04 17:45:26","2026-03-05 03:11:32",case,45.13,3.0,each,1.0,gal,"1 gal",10.0,,,2,4
473,"White 5L Dairy Container",Supplies,each,0.0,"2026-03-04 17:45:26","2026-03-10 20:04:08",,5.35,5.0,,,,,10.0,,12,2,1
474,"White Bread",Food,case,3.0,"2026-03-04 17:45:26","2026-03-04 20:58:30",,80.0,10.0,,,,,2.0,,,2,1
476,"Sour Cream - Wholesome Frm C Sour Cream Grade A 32lb Package",Dairy,each,4.0,"2026-03-04 17:45:26","2026-03-05 01:56:54",,75.49,32.0,,,,,10.0,,,2,1
479,"Wholesome From I Unsalted AA Butter 30x1lb Case",Dairy,case,4.0,"2026-03-04 17:45:26","2026-03-05 03:12:11",case,72.0,24.0,each,,,,10.0,,,2,1
480,"Wide Stainless Steel Gelato Pans",Supplies,each,17.0,"2026-03-04 17:45:26","2026-03-10 20:04:08",,0.0,1.0,,,,,0.0,,12,2,14
481,"Worcestershire Sauce - Sysco Classic Worcestershire Sauce 4x1 Gallon Case",Food,case,4.0,"2026-03-04 17:45:26","2026-03-05 03:12:50",case,44.28,4.0,each,1.0,gal,"1 gal",10.0,,,2,4
482,"Wycliff Brut 750ml",Wine,case,21.0,"2026-03-04 17:45:26","2026-03-04 20:58:51",,5.75,750.0,,,,,10.0,,,1,6
483,"Tofu - YAKIDOFU Bulk Pack 18 pcs",Food,each,23.0,"2026-03-04 17:45:26","2026-03-05 00:36:23",,23.0,18.0,,,,,10.0,,,2,2
485,"YKS C-16W/2.0/64.0/1X7-PAN",Food,each,10.0,"2026-03-04 17:45:26","2026-03-10 20:02:34",,46.56,1.0,,,,,0.0,,12,2,3
486,"Zucchini Squash Medium Case",Produce,case,9.0,"2026-03-04 17:45:26","2026-03-05 00:33:02",,26.75,10.0,,,,,10.0,,,2,2
487,"Lettuce - Harvest",Produce,case,12.0,"2026-03-04 23:27:34","2026-03-04 23:27:52",,19.52,,,,,,,,,2,2
488,Lollorassa,Produce,case,7.0,"2026-03-04 23:29:01","2026-03-10 20:04:09",,27.04,,,,,,,,6,2,2
490,"Vinegar - Sushi",Food,case,18.0,"2026-03-05 02:30:58","2026-03-05 03:27:53",case,39.56,4.0,each,1.0,gal,"1 gal",,,,2,4
